MatchId,LeagueId,Date,HomeTeamId,AwayTeamId,Line,Over,Under,Unnamed: 8,P(Under),P(At),P(Over),Bet (U/O),Stake
1,741,01/04/2011,342,694,9.5,1.79,1.8,,0.41449504564315154,0.0,0.5855049543568485,,
2,741,01/04/2011,1424,270,11.5,1.92,2.0,,0.3525563165992184,0.0,0.6474436834007816,O,2.0
3,729,01/04/2011,691,1137,10.5,1.97,1.87,,0.4105828261313945,0.0,0.5894171738686055,,
4,729,01/04/2011,787,808,11.0,2.075,1.77,,0.47718716538890604,0.11926460319943873,0.4035482314116552,,
5,741,01/04/2011,784,1117,12.0,2.02,1.86,,0.30184958863951017,0.10455153654092114,0.5935988748195686,O,3.0
6,776,01/04/2011,914,1089,9.5,1.97,1.85,,0.46445211497877686,0.0,0.5355478850212232,,
7,776,01/04/2011,1423,1180,10.0,1.97,1.85,,0.3107064334409072,0.11598119421001125,0.5733123723490816,O,2.0
8,801,01/04/2011,258,489,9.0,1.87,1.8,,0.5540814818716091,0.127761550242037,0.31815696788635384,,
9,801,01/04/2011,1253,1223,10.0,1.92,1.92,,0.4514411403646222,0.1250931803903128,0.42346567924506506,,
10,795,01/04/2011,627,831,9.0,2.02,1.89,,0.468100712765126,0.13169052482179652,0.40020876241307746,,
11,729,01/04/2011,1412,1193,11.5,2.02,1.8,,0.6507286439763501,0.0,0.3492713560236499,,
12,776,01/04/2011,729,352,10.0,2.07,1.75,,0.5098963664004241,0.12404406720512294,0.3660595663944529,,
13,795,01/04/2011,1116,773,9.5,2.02,1.87,,0.6467314537984732,0.0,0.3532685462015268,,
14,795,01/04/2011,876,320,10.5,1.99,1.85,,0.3057598488616886,0.0,0.6942401511383114,O,3.0
15,776,01/04/2011,377,580,9.5,1.92,2.0,,0.34421188515860834,0.0,0.6557881148413917,O,2.0
16,801,01/04/2011,786,1092,11.0,1.87,2.0,,0.382528120104197,0.11704615644504571,0.5004257234507573,,
17,801,01/04/2011,1168,916,10.5,2.0,1.9,,0.3974487734013926,0.0,0.6025512265986074,,
18,801,01/04/2011,1072,434,10.5,1.95,1.9,,0.34117838608331014,0.0,0.6588216139166898,O,2.0
19,729,01/04/2011,1302,297,11.0,1.885,1.885,,0.4395235763978201,0.11921928900130624,0.4412571346008737,,
20,801,01/04/2011,2487,1239,10.5,2.0,1.83,,0.3575866713176776,0.0,0.6424133286823224,O,2.0
21,741,01/04/2011,1352,269,12.0,2.0,1.72,,0.46480334156711633,0.11436417373031077,0.42083248470257284,,
22,776,01/04/2011,993,1251,10.0,2.02,1.8,,0.3231914611173462,0.11750656796177673,0.5593019709208771,O,2.0
23,741,01/04/2011,834,5525,11.0,1.97,1.96,,0.6040482694637905,0.11166614014308877,0.28428559039312074,U,3.0
24,741,01/04/2011,369,1326,11.0,1.86,2.0,,0.4834838472848796,0.11916728095768275,0.3973488717574376,,
25,776,01/04/2011,505,451,10.0,2.02,1.8,,0.8210454622124576,0.07377475412288562,0.10517978366465686,U,6.0
26,729,01/04/2011,601,1397,11.0,1.94,1.88,,0.3755010608391937,0.11659645639787579,0.5079024827629305,,
27,776,01/04/2011,861,656,9.0,1.92,2.02,,0.47103173803902515,0.1316563282052848,0.39731193375569007,,
28,795,01/04/2011,1171,1299,9.5,1.97,1.85,,0.2967190264165281,0.0,0.703280973583472,O,3.0
29,741,04/04/2011,534,1442,11.5,2.2,1.914,,0.8173142285944318,0.0,0.1826857714055682,U,5.0
30,811,05/04/2011,1040,2556,9.5,2.17,1.76,,0.7535551785307358,0.0,0.24644482146926416,U,3.0
31,741,05/04/2011,694,1352,11.0,1.89,1.97,,0.5032506382292685,0.11866925230388255,0.3780801094668489,,
32,801,05/04/2011,489,1168,10.0,2.063,1.85,,0.21140104525370043,0.098071936384849,0.6905270183614506,O,4.0
33,741,05/04/2011,269,1399,11.0,2.0,1.9,,0.4613220182390388,0.11937727827817513,0.41930070348278603,,
34,811,06/04/2011,1165,563,10.0,1.95,1.95,,0.3641791376314267,0.12149008749595396,0.5143307748726194,,
35,811,06/04/2011,232,1393,10.0,1.9,1.84,,0.4514411403646222,0.1250931803903128,0.42346567924506506,,
36,811,06/04/2011,556,192,9.5,2.11,1.7,,0.5353809032476976,0.0,0.4646190967523024,,
37,811,06/04/2011,353,853,10.0,1.9,1.9,,0.4200359055134474,0.12452987336236312,0.4554342211241895,,
38,811,06/04/2011,1361,316,10.0,1.9,1.9,,0.5369490369797651,0.12265846911714323,0.34039249390309156,,
39,741,06/04/2011,5525,1424,12.0,2.162,1.813,,0.36339057116488727,0.11074923702445055,0.5258601918106622,,
40,741,06/04/2011,270,342,11.5,1.99,1.97,,0.43556048325511076,0.0,0.5644395167448892,,
41,801,06/04/2011,1773,2201,10.0,2.299,1.69,,0.5424434209299256,0.12230847372829162,0.33524810534178284,,
42,801,06/04/2011,1092,1072,10.5,2.11,1.813,,0.3849586959716293,0.0,0.6150413040283707,O,2.0
43,801,06/04/2011,258,238,10.0,1.91,1.95,,0.5013791862639425,0.12436348153548232,0.3742573322005751,,
44,801,06/04/2011,771,786,11.0,2.136,1.75,,0.4085319891495177,0.11835910650898913,0.4731089043414931,,
45,811,06/04/2011,1071,1382,9.5,1.95,1.85,,0.44920323058209477,0.0,0.5507967694179052,,
46,741,06/04/2011,382,784,10.5,1.64,2.22,,0.5542895047996694,0.0,0.44571049520033057,,
47,741,07/04/2011,1442,834,12.0,2.099,1.83,,0.4767738396096536,0.1142843010202288,0.4089418593701176,,
48,741,07/04/2011,1442,834,12.0,2.099,1.83,,0.4767738396096536,0.1142843010202288,0.4089418593701176,,
49,801,07/04/2011,1239,1223,10.5,1.92,2.031,,0.15895892007424567,0.0,0.8410410799257544,O,5.0
50,801,07/04/2011,1239,1223,10.5,1.92,2.031,,0.15895892007424567,0.0,0.8410410799257544,O,5.0
51,811,07/04/2011,641,795,9.5,1.9,1.9,,0.5345971322963604,0.0,0.4654028677036396,,
52,811,07/04/2011,641,795,9.5,1.9,1.9,,0.5345971322963604,0.0,0.4654028677036396,,
53,811,07/04/2011,641,795,9.5,1.9,1.9,,0.5345971322963604,0.0,0.4654028677036396,,
54,741,07/04/2011,1326,534,11.0,1.95,1.98,,0.4649120429619523,0.11936846422885534,0.4157194928091923,,
55,741,07/04/2011,1326,534,11.0,1.95,1.98,,0.4649120429619523,0.11936846422885534,0.4157194928091923,,
56,776,08/04/2011,1180,374,10.0,2.234,1.75,,0.545062826157353,0.12213349714847083,0.3328036766941762,,
57,776,08/04/2011,1251,914,10.0,2.0,1.85,,0.6731302345999532,0.10720789388272318,0.21966187151732353,U,4.0
58,776,08/04/2011,1089,505,9.5,1.96,1.98,,0.49008296101972404,0.0,0.509917038980276,,
59,795,08/04/2011,196,1171,9.5,2.176,1.77,,0.7006207994426664,0.0,0.2993792005573336,U,2.0
60,793,08/04/2011,791,715,10.5,1.82,2.0,,0.4169924463384424,0.0,0.5830075536615575,,
61,741,08/04/2011,224,269,11.0,1.92,1.921,,0.4750134795631782,0.11929128067752376,0.4056952397592981,,
62,776,09/04/2011,389,861,10.0,2.075,1.854,,0.6690136286624506,0.1078830145672048,0.22310335677034454,U,4.0
63,776,09/04/2011,580,729,9.5,1.92,1.962,,0.6412564516260155,0.0,0.3587435483739845,U,2.0
64,793,09/04/2011,502,1237,11.0,1.9,1.92,,0.7822644128370349,0.08085537537659356,0.13688021178637155,U,6.0
65,795,09/04/2011,773,1278,10.0,2.282,1.68,,0.43586750395699325,0.12491431066791735,0.4392181853750894,,
66,795,09/04/2011,831,535,9.0,2.02,1.86,,0.7373964668728448,0.09952958674700907,0.16307394638014616,U,5.0
67,795,09/04/2011,324,1116,9.5,2.02,1.862,,0.4599330696041467,0.0,0.5400669303958533,,
68,793,09/04/2011,1026,246,11.5,1.87,1.95,,0.3817532452207133,0.0,0.6182467547792867,,
69,729,09/04/2011,912,787,10.5,1.93,1.97,,0.3674586493558426,0.0,0.6325413506441574,,
70,729,09/04/2011,1741,445,11.5,2.0,1.82,,0.4241990457512965,0.0,0.5758009542487035,,
71,729,09/04/2011,1211,1412,11.0,1.86,2.087,,0.42645569163107566,0.11894856319932023,0.4545957451696041,,
72,729,09/04/2011,1397,1302,10.5,2.04,1.917,,0.4278480972827413,0.0,0.5721519027172587,,
73,729,09/04/2011,1364,691,11.0,1.85,2.11,,0.39498025714947277,0.11774331150698995,0.48727643134353726,,
74,793,09/04/2011,1254,925,11.0,1.93,1.87,,0.6150325166161436,0.11045588978013847,0.274511593603718,U,3.0
75,793,09/04/2011,548,974,11.5,1.92,1.9,,0.5747304957102183,0.0,0.4252695042897817,,
76,793,09/04/2011,1383,870,11.0,1.87,1.95,,0.22633478799295492,0.09652606810084574,0.6771391439061993,O,4.0
77,793,09/04/2011,1049,296,11.0,1.9,1.9,,0.3355982290826002,0.11325150990336082,0.5511502610140391,,
78,793,09/04/2011,1457,396,11.0,1.88,1.92,,0.5565360693264166,0.11589051697874372,0.3275734136948396,,
79,811,09/04/2011,1393,631,10.5,1.86,1.94,,0.5383441773304858,0.0,0.4616558226695142,,
80,801,09/04/2011,1168,570,10.5,1.92,1.952,,0.624498814987508,0.0,0.37550118501249197,,
81,741,09/04/2011,1399,694,10.5,1.89,1.95,,0.6564157036577167,0.0,0.34358429634228327,U,2.0
82,795,09/04/2011,320,551,11.0,1.88,1.8,,0.37944572888288447,0.11685392996110246,0.503700341156013,,
83,741,09/04/2011,1352,270,11.5,2.041,1.862,,0.4515707523147955,0.0,0.5484292476852045,,
84,811,09/04/2011,1386,1382,9.5,1.86,1.94,,0.2455514321208952,0.0,0.7544485678791049,O,4.0
85,801,09/04/2011,758,771,10.0,1.9,1.98,,0.6058472884552644,0.11660712193096565,0.27754558961376996,U,3.0
86,741,09/04/2011,784,523,11.5,1.99,1.97,,0.5900094644834242,0.0,0.4099905355165758,,
87,741,10/04/2011,522,1248,11.5,1.96,1.88,,0.7161609679250228,0.0,0.2838390320749772,U,3.0
88,801,10/04/2011,1773,238,9.5,1.92,1.96,,0.5366876272576304,0.0,0.4633123727423696,,
89,776,10/04/2011,851,993,10.0,1.92,1.961,,0.44103456873684527,0.12499542493281447,0.4339700063303402,,
90,776,10/04/2011,656,412,10.0,1.97,1.962,,0.5945226635550415,0.11784942567486811,0.2876279107700904,U,3.0
91,801,10/04/2011,1253,489,9.5,2.075,1.813,,0.539302674620857,0.0,0.460697325379143,,
92,801,10/04/2011,2487,1092,10.5,1.98,1.97,,0.4397583686807462,0.0,0.5602416313192538,,
93,801,10/04/2011,2201,916,10.5,1.88,1.97,,0.3842950567434481,0.0,0.6157049432565519,,
94,729,10/04/2011,1193,1740,11.0,1.97,1.85,,0.5485525763886759,0.11643920657528446,0.33500821703603956,,
95,811,10/04/2011,353,641,9.5,1.99,1.83,,0.47607019450131594,0.0,0.5239298054986841,,
96,741,10/04/2011,369,382,10.5,1.89,1.98,,0.5767845083934502,0.0,0.4232154916065498,,
97,741,10/04/2011,534,1117,11.0,1.89,1.95,,0.23018791954885004,0.09732540113777832,0.6724866793133717,O,4.0
98,801,10/04/2011,786,1096,11.5,1.96,1.935,,0.43623252444952526,0.0,0.5637674755504747,,
99,811,10/04/2011,563,1071,10.0,2.063,1.91,,0.470501582061539,0.12504707636373139,0.4044513415747296,,
100,741,10/04/2011,834,1326,11.0,1.84,2.063,,0.4510850347036792,0.11934848220370838,0.42956648309261236,,
101,776,11/04/2011,352,377,10.5,2.176,1.84,,0.5925471941551538,0.0,0.4074528058448462,,
102,801,11/04/2011,1223,434,10.5,1.98,1.93,,0.5552878698191837,0.0,0.44471213018081635,,
103,793,12/04/2011,1420,1383,11.0,1.95,1.85,,0.39632581772282804,0.11781107863298303,0.48586310364418894,,
104,793,12/04/2011,925,1216,10.5,1.9,1.9,,0.42645569163107566,0.0,0.5735443083689243,,
105,776,15/04/2011,412,580,10.0,1.96,1.84,,0.3231914611173462,0.11750656796177673,0.5593019709208771,O,2.0
106,776,15/04/2011,729,451,10.0,1.97,1.9,,0.3590176663127074,0.12107253969824533,0.5199097939890474,,
107,741,15/04/2011,1326,5525,10.0,1.84,1.98,,0.3543399383223504,0.12067354124082777,0.5249865204368218,,
108,795,15/04/2011,1010,773,10.0,2.0,1.82,,0.4839528474905862,0.12484116367717707,0.3912059888322368,,
109,741,15/04/2011,269,522,11.0,1.9,1.92,,0.38032514056319594,0.11690957267468305,0.5027652867621211,,
110,776,16/04/2011,377,1180,9.5,1.87,2.052,,0.5566082591356023,0.0,0.4433917408643977,,
111,795,16/04/2011,876,1275,10.0,2.064,1.85,,0.4659619381613018,0.12508430598166137,0.40895375585703686,,
112,795,16/04/2011,1171,324,9.5,2.064,1.88,,0.36462983410899685,0.0,0.6353701658910031,O,2.0
113,795,16/04/2011,1278,831,9.0,2.149,1.714,,0.7458761641421345,0.09755387163536233,0.15656996422250313,U,5.0
114,729,16/04/2011,1740,691,12.0,2.0,1.89,,0.25451165801474357,0.09748195051566362,0.6480063914695928,O,3.0
115,729,16/04/2011,1397,1741,10.5,1.99,1.917,,0.4567885672168157,0.0,0.5432114327831843,,
116,793,16/04/2011,1237,925,11.0,2.0,1.88,,0.4085319891495177,0.11835910650898913,0.4731089043414931,,
117,729,16/04/2011,912,338,11.0,2.19,1.763,,0.5940480062344811,0.11269161539334396,0.293260378372175,,
118,793,16/04/2011,870,715,10.0,1.85,1.95,,0.3299705786894407,0.11827256396535694,0.5517568573452023,,
119,793,16/04/2011,1420,1026,11.0,1.95,1.85,,0.4810590830927338,0.11920828206892627,0.3997326348383399,,
120,729,16/04/2011,787,601,10.5,2.163,1.77,,0.6356765274070632,0.0,0.36432347259293685,,
121,793,16/04/2011,1216,1254,10.5,1.93,1.87,,0.3601482334313981,0.0,0.6398517665686019,O,2.0
122,795,16/04/2011,216,1073,10.0,2.136,1.76,,0.10949409181264355,0.06631972263396306,0.8241861855533934,O,6.0
123,729,16/04/2011,1193,1211,10.5,1.8,2.02,,0.5632805217093003,0.0,0.4367194782906997,,
124,811,16/04/2011,232,563,10.0,1.9,1.85,,0.4324366728532957,0.12484844133221933,0.44271488581448504,,
125,811,16/04/2011,631,192,9.5,1.85,1.95,,0.19225521844456478,0.0,0.8077447815554353,O,5.0
126,801,16/04/2011,1239,786,11.0,1.89,1.93,,0.27686545728492873,0.10573319646688606,0.6174013462481852,O,3.0
127,741,16/04/2011,694,224,10.5,2.01,1.87,,0.44588004290623234,0.0,0.5541199570937676,,
128,741,17/04/2011,523,369,11.0,1.98,1.917,,0.5108694475983535,0.11839981072473113,0.37073074167691533,,
129,801,17/04/2011,434,2487,10.5,1.82,2.0,,0.658871410833119,0.0,0.34112858916688105,U,3.0
130,776,17/04/2011,861,1251,9.5,1.97,1.9,,0.4427623750986102,0.0,0.5572376249013897,,
131,776,17/04/2011,993,1089,9.5,1.87,2.0,,0.4089874152907512,0.0,0.5910125847092488,,
132,729,17/04/2011,1364,1137,10.5,1.9,2.02,,0.25896497459917456,0.0,0.7410350254008254,O,4.0
133,729,17/04/2011,908,1185,10.5,2.0,1.96,,0.5125935039658701,0.0,0.4874064960341299,,
134,801,17/04/2011,1096,2201,10.0,2.063,1.862,,0.5067950049004172,0.12416688205673815,0.3690381130428446,,
135,801,17/04/2011,771,1773,10.5,2.234,1.763,,0.6010493258080143,0.0,0.3989506741919857,,
136,801,17/04/2011,570,916,11.5,2.0,1.81,,0.5673307572361914,0.0,0.4326692427638086,,
137,801,17/04/2011,1072,1168,10.5,1.96,2.07,,0.32884911567019653,0.0,0.6711508843298035,O,3.0
138,801,17/04/2011,489,459,10.0,2.19,1.74,,0.5312031508104935,0.12299977875678425,0.34579707043272223,,
139,795,17/04/2011,526,551,10.0,1.87,2.0,,0.4061273178816024,0.12402102455953715,0.4698516575588605,,
140,793,17/04/2011,956,460,10.5,1.93,1.85,,0.6200175018874968,0.0,0.3799824981125032,,
141,729,17/04/2011,808,1302,11.0,1.91,1.9,,0.6067962252860073,0.11137160942542727,0.2818321652885655,U,3.0
142,729,17/04/2011,1412,1118,11.0,1.92,2.02,,0.24168742310226965,0.09961234420331952,0.6587002326944108,O,4.0
143,795,17/04/2011,1116,320,10.0,2.01,1.91,,0.38289809634476524,0.1228072343851137,0.4942946692701211,,
144,741,17/04/2011,1117,834,11.5,1.98,1.98,,0.4888357151137721,0.0,0.5111642848862279,,
145,801,17/04/2011,238,758,10.0,1.95,1.87,,0.48957123911498546,0.12471305718733168,0.3857157036976828,,
146,801,17/04/2011,1092,1223,10.5,2.05,1.93,,0.31065119785687734,0.0,0.6893488021431227,O,3.0
147,741,17/04/2011,1442,1424,12.0,1.99,1.917,,0.3234403135032718,0.10709424123778742,0.5694654452589407,O,2.0
148,776,29/04/2011,1180,505,9.5,1.91,2.1,,0.4427623750986102,0.0,0.5572376249013897,,
149,776,29/04/2011,580,861,9.5,1.93,1.89,,0.478354460363528,0.0,0.521645539636472,,
150,795,29/04/2011,831,216,9.5,2.075,1.86,,0.8657717359881535,0.0,0.1342282640118465,U,6.0
151,811,29/04/2011,192,991,9.5,1.91,1.92,,0.43586750395699325,0.0,0.5641324960430067,,
152,811,29/04/2011,563,631,10.0,2.042,1.85,,0.5062785700295163,0.12418660987323099,0.3695348200972528,,
153,801,29/04/2011,786,570,11.5,2.01,1.85,,0.5392232153370476,0.0,0.46077678466295235,,
154,776,30/04/2011,1251,1423,10.0,1.94,1.96,,0.25828887295513697,0.10787409175293708,0.6338370352919259,O,3.0
155,729,30/04/2011,601,1740,11.5,2.02,1.85,,0.416253727998539,0.0,0.583746272001461,,
156,795,30/04/2011,1275,1116,10.0,1.87,1.99,,0.29651925798166473,0.11406356814972976,0.5894171738686055,O,2.0
157,795,30/04/2011,320,526,11.0,2.0,1.86,,0.6232545349601407,0.10949242679668272,0.2672530382431766,U,3.0
158,729,30/04/2011,1185,787,10.5,1.82,2.053,,0.3851800344866342,0.0,0.6148199655133658,,
159,793,30/04/2011,502,1216,10.5,1.88,1.9,,0.454171220631991,0.0,0.545828779368009,,
160,793,30/04/2011,1457,1420,10.5,1.85,1.95,,0.5246964591036527,0.0,0.4753035408963473,,
161,729,30/04/2011,297,1397,11.0,2.351,1.61,,0.3426335533751248,0.1139409292836587,0.5434255173412165,O,3.0
162,729,30/04/2011,1118,908,11.0,1.97,1.86,,0.5660299936696598,0.11517760246536433,0.31879240386497587,,
163,741,30/04/2011,784,269,12.0,1.99,1.82,,0.2976018141664365,0.10400252344061219,0.5983956623929514,O,3.0
164,793,30/04/2011,246,974,11.0,1.93,1.87,,0.5727818721527731,0.11463069870019706,0.31258742914702986,,
165,729,30/04/2011,1137,1193,10.5,2.02,1.917,,0.5992994448907853,0.0,0.40070055510921465,,
166,793,30/04/2011,1049,1383,10.5,1.85,1.95,,0.9124463894263654,0.0,0.08755361057363464,U,7.0
167,729,30/04/2011,1211,1364,11.0,1.925,2.0,,0.4658709852647859,0.1193644540660056,0.4147645606692085,,
168,793,30/04/2011,486,296,10.5,1.85,1.95,,0.5306444667765852,0.0,0.46935553322341483,,
169,793,30/04/2011,357,1237,11.0,1.98,1.82,,0.35017169399246467,0.11463164757465165,0.5351966584328837,,
170,811,30/04/2011,1393,1382,10.0,1.9,1.9,,0.5218260222372075,0.12350241270765451,0.35467156505513797,,
171,801,30/04/2011,459,1072,10.5,2.22,1.69,,0.693347434526317,0.0,0.306652565473683,,
172,741,30/04/2011,1424,1352,11.5,1.89,1.94,,0.37817050886281156,0.0,0.6218294911371884,,
173,729,30/04/2011,1302,445,11.0,1.94,2.0,,0.27595178729601744,0.10559024879213032,0.6184579639118523,O,3.0
174,741,30/04/2011,522,694,10.0,1.76,2.11,,0.4361129917976453,0.1249186558017505,0.43896835240060417,,
175,801,30/04/2011,758,489,10.0,2.042,1.813,,0.5140386370510203,0.1238684328034055,0.3620929301455742,,
176,741,30/04/2011,534,523,10.5,1.92,2.01,,0.7655658337351912,0.0,0.23443416626480884,U,4.0
177,741,01/05/2011,5525,1117,11.0,2.042,1.813,,0.5430716916418498,0.11678898900068797,0.3401393193574622,,
178,801,01/05/2011,1253,1092,10.5,2.163,1.763,,0.40105226539453814,0.0,0.5989477346054619,O,2.0
179,776,01/05/2011,352,412,10.0,1.87,1.95,,0.38405513723265733,0.12287862366104618,0.49306623910629654,,
180,776,01/05/2011,851,914,9.5,2.162,1.813,,0.5837191398889228,0.0,0.41628086011107723,,
181,776,01/05/2011,656,389,9.5,2.149,1.813,,0.8749684238836206,0.0,0.12503157611637938,U,6.0
182,801,01/05/2011,1223,238,10.0,2.12,1.7,,0.767645046461922,0.0879876324925697,0.1443673210455083,U,5.0
183,801,01/05/2011,2201,434,10.5,1.97,1.917,,0.3104546406671771,0.0,0.6895453593328229,O,3.0
184,801,01/05/2011,916,771,10.0,2.176,1.73,,0.5763422098416028,0.11964020513228717,0.3040175850261101,,
185,795,01/05/2011,551,876,9.5,1.83,2.0,,0.7121475602095626,0.0,0.2878524397904374,U,3.0
186,729,01/05/2011,1741,808,11.0,1.97,1.98,,0.19441678617986766,0.08923384566367971,0.7163493681564526,O,5.0
187,741,01/05/2011,834,382,11.0,2.042,1.8,,0.5877938169176895,0.1132959967552979,0.2989101863270126,,
188,741,01/05/2011,224,270,10.5,1.81,2.02,,0.5937978813977821,0.0,0.4062021186022179,,
189,776,02/05/2011,374,993,9.5,2.162,1.813,,0.511966505098584,0.0,0.488033494901416,,
190,741,02/05/2011,1442,1326,11.0,1.86,1.98,,0.29976025168964204,0.10904873391186018,0.5911910143984977,O,2.0
191,776,06/05/2011,505,374,9.5,1.97,1.93,,0.48064223120651633,0.0,0.5193577687934836,,
192,776,06/05/2011,412,451,10.0,1.97,1.854,,0.22919695487689823,0.10209727579062973,0.668705769332472,O,4.0
193,776,06/05/2011,352,656,9.5,1.92,1.97,,0.4243948967626697,0.0,0.5756051032373303,,
194,795,06/05/2011,876,526,10.0,1.88,1.94,,0.20481852166498976,0.09648302163156632,0.698698456703444,O,4.0
195,741,06/05/2011,342,224,11.0,1.87,1.95,,0.41309564873449334,0.11853334845126041,0.46837100281424626,,
196,776,07/05/2011,861,1180,9.5,1.97,1.95,,0.5639693593603629,0.0,0.43603064063963715,,
197,795,07/05/2011,216,196,10.0,1.9,1.92,,0.6013714195064858,0.11710976141644605,0.2815188190770682,U,3.0
198,795,07/05/2011,1073,773,11.5,1.95,1.87,,0.42997605079214213,0.0,0.5700239492078578,,
199,795,07/05/2011,1278,1299,9.0,1.97,1.85,,0.628509968537873,0.11956596988553511,0.25192406157659186,U,3.0
200,795,07/05/2011,535,324,9.5,1.82,2.0,,0.7026340111254785,0.0,0.2973659888745215,U,3.0
201,729,07/05/2011,1211,338,11.0,1.97,1.95,,0.8871382681075152,0.05025792425463358,0.06260380763785123,U,7.0
202,741,07/05/2011,269,369,11.0,1.87,1.95,,0.43999321015538706,0.11922654697159693,0.440780242873016,,
203,793,07/05/2011,1457,1254,10.5,1.85,1.95,,0.4791219240967273,0.0,0.5208780759032727,,
204,793,07/05/2011,1383,548,11.0,1.9,1.9,,0.4711569435047618,0.11932984848312639,0.4095132080121118,,
205,741,07/05/2011,694,784,10.0,1.87,1.962,,0.5369490369797651,0.12265846911714323,0.34039249390309156,,
206,729,07/05/2011,1364,912,11.0,1.92,1.9,,0.1743593608336133,0.08399700393604126,0.7416436352303455,O,5.0
207,795,07/05/2011,627,1275,9.5,1.84,1.98,,0.37713950314490846,0.0,0.6228604968550915,,
208,811,07/05/2011,232,2556,10.0,1.9,1.9,,0.6715876917108639,0.10746241331532903,0.22094989497380713,U,4.0
209,811,07/05/2011,1361,353,10.0,1.88,1.95,,0.4564292977132331,0.1251091356520996,0.41846156663466727,,
210,741,07/05/2011,382,5525,10.0,1.97,1.86,,0.3931399017724936,0.12339911214603212,0.48346098608147425,,
211,741,07/05/2011,1248,534,10.0,1.95,1.962,,0.524167164122393,0.12338324825869001,0.3524495876189171,,
212,729,08/05/2011,1741,297,11.0,1.82,2.0,,0.382528120104197,0.11704615644504571,0.5004257234507573,,
213,795,08/05/2011,1171,320,10.0,1.97,1.85,,0.5968937361366674,0.11759738070457176,0.2855088831587609,U,2.0
214,776,08/05/2011,914,993,9.5,1.92,1.96,,0.4202775540766545,0.0,0.5797224459233454,,
215,776,08/05/2011,729,1251,9.5,1.92,1.96,,0.4314585083717885,0.0,0.5685414916282114,,
216,776,08/05/2011,377,1089,9.5,1.92,1.96,,0.53877949820137,0.0,0.46122050179862994,,
217,729,08/05/2011,1193,601,11.0,1.97,1.85,,0.4472973373110355,0.1193174948402883,0.4333851678486762,,
218,801,08/05/2011,489,786,10.0,2.176,1.962,,0.511966505098584,0.12395794916617378,0.36407554573524226,,
219,801,08/05/2011,1096,916,10.5,2.0,1.83,,0.5782856830335141,0.0,0.42171431696648587,,
220,801,08/05/2011,258,1223,10.0,1.89,1.95,,0.43684979551038067,0.12493140248049363,0.43821880200912566,,
221,801,08/05/2011,238,1168,11.0,1.99,1.88,,0.42576020048107216,0.11893041722458016,0.4553093822943477,,
222,801,08/05/2011,1072,2487,10.0,1.89,1.99,,0.5650216552545115,0.12062849925308136,0.3143498454924071,U,2.0
223,793,08/05/2011,870,956,10.5,1.95,1.86,,0.4701943973283038,0.0,0.5298056026716962,,
224,729,08/05/2011,1137,1302,10.5,1.94,1.9,,0.4730839508189824,0.0,0.5269160491810176,,
225,741,08/05/2011,1326,1424,11.5,2.02,1.88,,0.5938275841780916,0.0,0.40617241582190844,,
226,729,08/05/2011,808,1397,10.5,1.97,1.85,,0.4183716107690194,0.0,0.5816283892309806,,
227,729,08/05/2011,1185,445,11.0,1.92,2.0,,0.15688207660307707,0.0789823957902362,0.7641355276066868,O,5.0
228,741,08/05/2011,1352,1399,12.0,2.0,1.87,,0.34369508677952804,0.10911366134350053,0.5471912518769715,,
229,741,08/05/2011,523,834,11.0,1.87,2.0,,0.5358584642628805,0.1172158871108338,0.3469256486262857,,
230,741,09/05/2011,1117,1442,11.5,1.97,1.91,,0.4851152085863074,0.0,0.5148847914136926,,
231,741,10/05/2011,534,269,11.0,1.86,1.993,,0.2732225133115355,0.10515828315844616,0.6216192035300183,O,3.0
232,741,10/05/2011,369,694,9.5,1.946,1.9,,0.4494516770841664,0.0,0.5505483229158337,,
233,741,11/05/2011,224,1352,11.0,1.94,1.92,,0.6312102107868052,0.10851316448698577,0.26027662472620905,U,3.0
234,741,11/05/2011,1424,1399,11.5,1.917,1.994,,0.45999711987764536,0.0,0.5400028801223546,,
235,801,11/05/2011,1223,570,10.5,1.89,1.94,,0.5830397501929856,0.0,0.4169602498070144,,
236,801,11/05/2011,2201,771,10.0,2.02,1.813,,0.4544315742628383,0.12510514063903494,0.4204632850981267,,
237,801,11/05/2011,459,1096,10.5,1.95,1.94,,0.5428227306022332,0.0,0.4571772693977668,,
238,801,11/05/2011,2487,489,10.5,2.053,1.84,,0.6460693319384573,0.0,0.3539306680615427,,
239,801,11/05/2011,1168,434,10.5,2.05,1.855,,0.5341195366934427,0.0,0.4658804633065573,,
240,741,11/05/2011,522,342,12.0,1.99,1.898,,0.4802442671435787,0.11424178672201729,0.40551394613440395,,
241,741,11/05/2011,784,270,11.5,1.862,2.024,,0.3887550056803157,0.0,0.6112449943196843,,
242,776,13/05/2011,1089,1423,9.5,2.047,1.971,,0.3992542686143266,0.0,0.6007457313856734,,
243,776,13/05/2011,580,656,9.5,2.02,1.91,,0.5700220691897293,0.0,0.4299779308102707,,
244,776,13/05/2011,1180,389,9.5,2.104,1.813,,0.6053208289904104,0.0,0.3946791710095896,,
245,811,13/05/2011,1393,463,10.0,1.98,1.927,,0.4285296107920646,0.12476170854013055,0.4467086806678049,,
246,795,13/05/2011,324,876,9.5,1.94,2.0,,0.36530643756483777,0.0,0.6346935624351622,,
247,793,13/05/2011,1049,246,11.0,2.02,1.875,,0.5552878698191837,0.11597936610920596,0.32873276407161034,,
248,741,13/05/2011,694,534,10.5,2.019,1.917,,0.5775350858492689,0.0,0.42246491415073106,,
249,776,14/05/2011,851,412,10.0,1.94,1.9,,0.24802820998587521,0.1059463824844432,0.6460254075296816,O,3.0
250,776,14/05/2011,1251,352,9.5,1.89,1.978,,0.6932943855655509,0.0,0.3067056144344491,U,3.0
251,793,14/05/2011,357,1026,11.0,1.96,1.916,,0.3486988494736614,0.11450056477377477,0.5368005857525638,,
252,729,14/05/2011,601,1185,11.0,1.962,1.9,,0.48275603528110467,0.11918005076493493,0.39806391395396035,,
253,795,14/05/2011,526,1116,10.0,1.96,1.891,,0.45843025459594605,0.12510993560644662,0.4164598097976073,,
254,795,14/05/2011,773,535,9.5,2.01,1.97,,0.45667924133065896,0.0,0.543320758669341,,
255,795,14/05/2011,831,1073,10.0,1.96,1.886,,0.6315839997790629,0.11342114104583156,0.25499485917510556,U,3.0
256,795,14/05/2011,551,1171,9.5,1.89,1.955,,0.7671803121396368,0.0,0.23281968786036322,U,4.0
257,795,14/05/2011,1299,216,10.0,1.97,1.893,,0.4854831921156393,0.12480872022328246,0.38970808766107823,,
258,729,14/05/2011,445,908,11.0,1.876,1.97,,0.5625308235619901,0.11544799318990379,0.32202118324810614,U,2.0
259,793,14/05/2011,925,486,10.5,1.853,1.95,,0.43928883337154845,0.0,0.5607111666284516,,
260,741,14/05/2011,1352,522,12.0,1.98,1.905,,0.41889512171931154,0.113695973913483,0.4674089043672055,,
261,793,14/05/2011,956,791,10.5,1.925,1.85,,0.43460441611091255,0.0,0.5653955838890874,,
262,793,14/05/2011,548,1237,11.0,1.97,1.92,,0.4973716099162863,0.11884776738908023,0.3837806226946334,,
263,729,14/05/2011,912,1211,10.5,1.89,1.964,,0.4767038553406931,0.0,0.523296144659307,,
264,729,14/05/2011,1302,1741,10.5,1.939,1.962,,0.5527922958266573,0.0,0.44720770417334266,,
265,793,14/05/2011,1088,1457,11.0,1.95,1.88,,0.5615313393786344,0.1155235905470516,0.32294507007431394,,
266,811,14/05/2011,795,991,9.5,1.9,1.901,,0.4697439280617325,0.0,0.5302560719382675,,
267,795,14/05/2011,320,627,10.0,1.84,1.964,,0.3859100584566506,0.12299066030440085,0.4910992812389485,,
268,729,14/05/2011,1118,1740,11.0,2.052,1.862,,0.3144000223630459,0.11090750233578553,0.5746924753011686,O,2.0
269,811,14/05/2011,853,1361,10.0,1.86,1.941,,0.3357546834011127,0.11889201528761612,0.5453533013112712,,
270,811,14/05/2011,563,1382,10.0,1.9,1.898,,0.5285951081926007,0.12314635115535544,0.34825854065204387,,
271,811,14/05/2011,353,232,10.0,1.86,1.941,,0.3675666100450145,0.1217512574417237,0.5106821325132618,,
272,811,14/05/2011,2556,631,10.0,1.95,1.804,,0.49418231613586217,0.12458947657750119,0.38122820728663664,,
273,741,14/05/2011,342,784,11.0,1.95,1.946,,0.42877741675819825,0.11900639446654085,0.45221618877526093,,
274,801,14/05/2011,758,1223,10.0,1.874,2.01,,0.321719628474159,0.11733451119263896,0.560945860333202,,
275,801,14/05/2011,570,1072,11.0,1.95,1.901,,0.5792865053358125,0.11407248216519351,0.306641012498994,U,2.0
276,741,14/05/2011,270,369,10.5,1.84,2.01,,0.4273837517676624,0.0,0.5726162482323376,,
277,741,15/05/2011,1117,1424,12.0,1.99,1.906,,0.4664090930238109,0.11435949011228902,0.4192314168639001,,
278,776,15/05/2011,993,377,10.0,2.01,1.898,,0.4099428431092116,0.12417669358423114,0.4658804633065573,,
279,811,15/05/2011,192,1165,9.5,1.93,1.821,,0.513261357169011,0.0,0.486738642830989,,
280,729,15/05/2011,297,808,11.0,1.962,1.93,,0.48956138710329256,0.11904516933922055,0.39139344355748684,,
281,801,15/05/2011,771,2487,10.5,2.0,1.9,,0.6440930880348529,0.0,0.3559069119651471,,
282,795,15/05/2011,196,1278,9.0,1.826,2.01,,0.19950425418825446,0.10062377619833836,0.6998719696134073,O,4.0
283,729,15/05/2011,787,1137,10.5,1.918,1.96,,0.5148120443192818,0.0,0.48518795568071815,,
284,741,15/05/2011,523,1442,11.0,2.01,1.82,,0.4730839508189824,0.11931197956190058,0.407604069619117,,
285,795,15/05/2011,1275,1010,10.5,2.042,1.851,,0.5985493950881855,0.0,0.4014506049118145,,
286,741,15/05/2011,1248,5525,10.0,1.898,2.02,,0.5550321558715698,0.12141967846383409,0.3235481656645961,U,2.0
287,801,15/05/2011,1773,786,10.5,2.087,1.8,,0.5291563366277244,0.0,0.47084366337227557,,
288,741,15/05/2011,269,834,11.5,1.93,1.924,,0.5117818054898579,0.0,0.48821819451014214,,
289,776,16/05/2011,374,729,9.5,2.144,1.86,,0.6013714195064858,0.0,0.39862858049351424,,
290,801,16/05/2011,1096,258,10.0,1.89,2.051,,0.3280555671653562,0.11806057317049,0.5538838596641538,,
291,776,20/05/2011,656,1180,9.5,2.172,1.8,,0.8859641450665218,0.0,0.11403585493347823,U,6.0
292,776,20/05/2011,861,851,9.5,2.19,1.82,,0.485738392873112,0.0,0.514261607126888,,
293,776,20/05/2011,352,580,10.0,2.35,1.771,,0.5560828369441829,0.12134003682385701,0.3225771262319601,,
294,741,20/05/2011,522,1399,12.0,1.96,1.893,,0.4465867983323931,0.11428551801430031,0.43912768365330657,,
295,811,20/05/2011,1071,2556,10.5,1.93,1.783,,0.5680301268429953,0.0,0.43196987315700475,,
296,795,20/05/2011,1010,1299,9.5,1.97,1.917,,0.35323115162802826,0.0,0.6467688483719718,O,2.0
297,741,20/05/2011,5525,269,11.0,1.94,1.936,,0.41492743031256757,0.11859862605159048,0.46647394363584194,,
298,776,21/05/2011,729,914,9.5,1.91,1.89,,0.24537517453673552,0.0,0.7546248254632645,O,4.0
299,793,21/05/2011,1457,548,10.5,1.862,1.98,,0.44163847237584175,0.0,0.5583615276241582,,
300,795,21/05/2011,1073,196,11.5,1.89,1.833,,0.49419742939511196,0.0,0.5058025706048881,,
301,795,21/05/2011,216,551,10.5,1.93,1.951,,0.4868845670304014,0.0,0.5131154329695986,,
302,795,21/05/2011,627,324,9.5,1.9,2.007,,0.4781004787989125,0.0,0.5218995212010875,,
303,793,21/05/2011,1237,1088,11.0,1.91,1.95,,0.2558266127917619,0.10222740711900635,0.6419459800892318,O,3.0
304,729,21/05/2011,1185,1412,11.0,1.925,2.0,,0.4477701461009892,0.11932196502678624,0.43290788887222453,,
305,729,21/05/2011,1740,912,12.0,2.042,1.883,,0.5021509066607199,0.11377410454399213,0.3840749887952879,,
306,729,21/05/2011,691,297,11.0,2.0,1.935,,0.33231610751877266,0.11291494772318987,0.5547689447580375,O,2.0
307,729,21/05/2011,1364,1397,10.5,2.0,1.94,,0.35017169399246467,0.0,0.6498283060075354,O,2.0
308,793,21/05/2011,1383,1216,11.0,1.91,1.95,,0.5336228675127088,0.11734047102508705,0.34903666146220413,,
309,741,21/05/2011,784,1352,11.5,1.89,2.0,,0.5477838112247391,0.0,0.45221618877526093,,
310,793,21/05/2011,246,1420,11.0,2.01,1.85,,0.638650177353685,0.10755544668931476,0.2537943759570003,U,3.0
311,793,21/05/2011,1026,502,11.5,1.91,1.95,,0.6701070028288915,0.0,0.32989299717110854,U,3.0
312,793,21/05/2011,870,925,10.5,1.96,1.9,,0.6200175018874968,0.0,0.3799824981125032,,
313,811,21/05/2011,1393,192,10.0,1.86,1.859,,0.1560048189166461,0.0828540883483936,0.7611410927349602,O,5.0
314,741,21/05/2011,1117,382,11.5,2.042,1.806,,0.6204955753565556,0.0,0.37950442464344436,,
315,801,21/05/2011,1072,489,9.5,1.97,1.92,,0.8377213417088744,0.0,0.16227865829112564,U,5.0
316,795,21/05/2011,1171,526,9.5,1.9,1.86,,0.4839528474905862,0.0,0.5160471525094138,,
317,729,21/05/2011,908,1302,11.0,2.0,1.85,,0.41126746289838706,0.1184655398142137,0.4702669972873992,,
318,811,21/05/2011,232,641,10.0,1.95,1.826,,0.14834507863077628,0.08039256079542466,0.771262360573799,O,5.0
319,811,21/05/2011,631,353,10.0,1.87,1.883,,0.3574546990180358,0.12094140717535092,0.5216038938066133,,
320,811,21/05/2011,1361,1040,9.5,1.87,1.95,,0.3668877800544628,0.0,0.6331122199455372,,
321,801,21/05/2011,1239,916,11.0,2.0,1.85,,0.29269540744485417,0.10807962451737081,0.599224968037775,O,3.0
322,741,22/05/2011,534,270,11.0,1.99,1.903,,0.4234453482070078,0.11886728569683239,0.4576873660961598,,
323,801,22/05/2011,1168,2201,10.0,2.034,1.89,,0.5078282709149865,0.12412679130028571,0.3680449377847278,,
324,729,22/05/2011,808,601,10.5,1.96,1.9,,0.33642163398083824,0.0,0.6635783660191618,O,3.0
325,776,22/05/2011,389,451,10.5,2.163,1.742,,0.8772187589537401,0.0,0.12278124104625987,U,6.0
326,776,22/05/2011,1423,374,10.0,1.91,1.903,,0.5285951081926007,0.12314635115535544,0.34825854065204387,,
327,801,22/05/2011,434,1092,10.5,2.075,1.9,,0.4634748880431694,0.0,0.5365251119568306,,
328,801,22/05/2011,786,2487,11.5,1.99,1.921,,0.5778342293228005,0.0,0.4221657706771995,,
329,801,22/05/2011,258,758,10.5,2.042,1.826,,0.6210137963129782,0.0,0.37898620368702185,,
330,801,22/05/2011,1253,1096,10.0,1.88,2.0,,0.44054140621901317,0.12498861929744948,0.4344699744835374,,
331,801,22/05/2011,459,1773,10.5,1.87,2.041,,0.5079170157534241,0.0,0.4920829842465759,,
332,729,22/05/2011,1193,445,11.0,1.94,1.971,,0.4028596965668709,0.11811933695884563,0.4790209664742835,,
333,795,22/05/2011,1278,320,9.5,1.96,1.917,,0.6620448445900113,0.0,0.33795515540998866,U,2.0
334,793,22/05/2011,486,956,10.5,1.922,1.85,,0.639393076743306,0.0,0.36060692325669397,,
335,811,22/05/2011,991,316,10.0,2.01,1.791,,0.48242399091695476,0.12487174095841505,0.3927042681246302,,
336,729,22/05/2011,1137,338,10.0,1.861,2.02,,0.35146108369142126,0.12041818964597724,0.5281207266626016,,
337,729,22/05/2011,1211,1118,10.5,1.95,1.961,,0.4444644577029633,0.0,0.5555355422970367,,
338,795,22/05/2011,1116,876,10.0,1.92,1.909,,0.341596883404586,0.11948614103720344,0.5389169755582106,,
339,801,22/05/2011,1223,771,10.0,2.02,1.84,,0.5366876272576304,0.12267454581541198,0.34063782692695765,,
340,801,22/05/2011,238,570,10.5,2.02,1.9,,0.4439929782812799,0.0,0.5560070217187201,,
341,776,23/05/2011,412,1089,10.5,2.22,1.729,,0.5997994453342518,0.0,0.4002005546657482,,
